{
 
  "gift": {
    "preview": {
      "from": "من",
      "to": "إلى",
      "message": "الرسالة",
      "url": "رابط الفيديو"
    },  
    "popover": {
      "title": "إهداء",
      "message": "قم بإهداء هذا الطلب لشخص ما.",
      "action": "أريد إهداء هذا الطلب",
      "yes": "نعم",
      "no": "لا"
    },
    "form": {
      "optional": "اختياري",
      "save":"حفظ البطاقة",
      "reset": "مسح الكل",
      "delete": "حذف الإهداء"
    }
  },

  "store": {
    "language_currency": "لغة وعملة المتجر",
    "language": "اللغة",
    "currency": "العملة",
    "country": "البلد",
    "city": "المدينة",
    "status": {
      "closed": "المتجر مغلق الآن"
    }
  },
  "allow_cookies": "هذه الصفحة تستخدم ملفات تعريف الارتباط والتخزين المحلي، لن تعمل بشكل صحيح في وضع ال Incognito، يرجى تعطيله للمتابعة.",
  "noscript": "يجب تفعيل جافا سكريبت لتتمكن من استخدام هذا الموقع بشكل صحيح",
  "upcoming": "معرض الصور قيد التطوير ...",
  "mobile": {
    "menu": {
      "title": {
        "heading": "قائمة التصفح",
        "home": "الرئيسية",
        "categories": "الأقسام",
        "cart": "سلة التسوق",
        "profile": "الملف الشخصي",
        "wishlist": "المفضلة",
        "logout": "تسجيل خروج",
        "login": "تسجيل دخول",
        "register": "عضو جديد؟ سجل الآن",
        "account":"الحساب",
        "addresses": "العناوين",
        "orders": "الطلبات"
      },
      "greeting": "أهلا بعودتك",
      "greeting_user": "مرحبا بك في متجرنا"
    }
  },
  "coupon_delete": "حذف الكوبون",
  "coupon_message": "المعذرة، هذا الكوبون غير صالح",
  "system": {
    "locked": "هذه المنطقة خاصة بالأعضاء فقط. يرجى تسجيل الدخول أو إنشاء حساب جديد"
  },
  "toast": {
    "message": {
      "title": "إشعار"
    }
  },
  "notify": {
    "message": {
      "success": "تم تسجيل بريدك الإلكتروني بنجاح، شكرا لك",
      "failed": "حدث خطأ أثناء العملية، يرجى المحاولة مرة أخرى"
    }
  },
  "product_show_more": "عرض الكل",
  "product_show_less": "عرض القليل",
  "product": {
    "message": {
      "success": "تمت إضافة المنتج إلى سلة التسوق بنجاح",
      "failed": "حدث خطأ أثناء إضافة المنتج إلى سلة التسوق، يرجى المحاولة مرة أخرى",
      "already_in_cart": "هذا المنتج موجود بالفعل في سلة التسوق"
    },
    "rating": {
      "star1": "نجمة واحدة",
      "star2": "نجمتان",
      "star3": "ثلاث نجوم",
      "star4": "أربع نجوم",
      "star5": "خمس نجوم"
    },
    "total_reviews": "بناء على",
    "total_reviews_suffix": "تقييم"
  },
  "reviews": {
    "remaining": "من الحروف المتبقية",
    "modaltitle": "فضلا، حدد تقييمك للمنتج",
    "login": "تسجيل دخول",
    "login_to_add": " يرجى تسجيل الدخول أو إنشاء حساب جديد لإضافة تقييمك.",
    "add": "أضف تقييما",
    "submit": "أرسل الآن",
    "all": "كل التقييمات",
    "message": {
      "success": "تم إضافة تقييمك بنجاح، شكرا لك، سيتم نشره بعد المراجعة.",
      "failed": "حدث خطأ أثناء إضافة تقييمك، يرجى المحاولة مرة أخرى.",
      "empty": "لا يوجد تقييمات لهذا المنتج، كن أول من يقيمه.",
      "anonymous": "الاسم مخفي",
      "boughtyes": "قام بشراء هذا المنتج",
      "boughtno": "لم يقم بشراء هذا المنتج",
      "verified": "موثق",
      "back": "العودة إلى المنتج",
      "close": "إغلاق"
    },
    "full_star": "نجمة كاملة",
    "half_star": "نجمة نصفية",
    "empty_star": "نجمة فارغة"
  },
  "banks": {
    "id": "المعرف",
    "accountNumber": "رقم الحساب",
    "iban": "IBAN",
    "beneficiaryName": "اسم المستفيد",
    "isVisible": "مرئي",
    "notVisible": "غير مرئي",
    "bank": "البنك"
  },
  "payment": {
    "id": "ID",
    "name": "الاسم",
    "enabled": "مفعل",
    "disabled": "غير مفعل",
    "code": "الكود",
    "fees": "الرسوم",
    "type": "النوع",
    "icons": "الأيقونات"
  },
  "shipping": {
    "no_data": "لا توجد طرق شحن متاحة حاليا",
    "id": "المعرف",
    "name": "الاسم",
    "serviceEnabled": "تمكين الخدمة",
    "serviceDisabled": "تعطيل الخدمة",
    "approved": "معتمد",
    "notApproved": "غير معتمد",
    "systemOption": "خيار النظام",
    "notSystemOption": "غير خيار النظام",
    "codEnabled": "الدفع عند الإستلام",
    "codDisabled": "تعطيل COD",
    "cities": "المدن",
    "cost": "تكلفة التوصيل",
    "cost_short": "التكلفة",
    "codFee": "الرسوم",
    "codFee_short": "الرسوم",
    "image": "الصورة",
    "courierNames": "الشركات الناقلة",
    "remainingCities": "منطقة أخرى",
    "remainingShipping": "طريقة أخرى",
    "modal_info": "نعمل على تغطية المزيد من المدن، تواصل معنا للمزيد من المعلومات.",
    "modal_search_placeholeer": "ابحث عن مدينة أو منطقة..."
  },
  "account_delete_account_info": "حماية البيانات الشخصية",
  "account_delete_account_info_text": "نحن نتعهد أن لا نرسل رسائل بريد مزعجة لك أو نبيع معلوماتك لأطراف ثالثة، يمكنك إلغاء الاشتراك في أي وقت، سياسة الخصوصية الخاصة بنا توضح كيف سنستخدم هذه البيانات.",
  "mode": {
    "toggle": "تغيير الوضع",
    "light": "النهاري",
    "dark": "الليلي",
    "auto": "التلقائي"
  },
  "daytime": {
    "start": "بداية",
    "middle": "يوم",
    "end": "نهاية"
  },
  "day_sunday": "أحد",
  "day_monday": "اثنين",
  "day_tuesday": "ثلاثاء",
  "day_wednesday": "أربعاء",
  "day_thursday": "خميس",
  "day_friday": "جمعة",
  "day_saturday": "سبت",
  "day_other": "يوم",
  "greeting_morning": "صباح الخير",
  "greeting_afternoon": "يوم سعيد لك",
  "greeting_evening": "مساء الخير",
  "greeting_morning_text": "سعيدة لك",
  "greeting_afternoon_text": "سعيد لك",
  "greeting_evening_text": "هادئة لك",
  "shipping_and_payment_tools_change_display": "تغيير العرض",
  "shipping_and_payment_tools_expand": "عرض الكل",
  "shipping_and_payment_tools_collapse": "طي الكل",
  "toolbar_command": "اختصارات لوحة المفاتيح",
  "toolbar_commands": {
    "home": "الرئيسية",
    "search": "البحث",
    "products": "المنتجات",
    "categories": "التصنيفات",
    "blog": "المدونة",
    "language": "تغيير اللغة",
    "offcanvasCart": "السلة الجانبية",
    "cart": "سلة التسوق",
    "login": "تسجيل دخول",
    "shipping": "الدفع والتوصيل",
    "mode": "الوضع الليلي/النهاري"
  },
  "toolbar_change_layout": "عرض الصفحة",
  "toolbar_change_contrast": "الإضاءة",
  "toolbar_change_contrast_toggle": "تغيير الإضاءة",
  "toolbar_change_contrast_background_color": "لون الخلفية",
  "toolbar_change_contrast_color": "لون الخط",
  "toolbar_change_contrast_select": "اختر التباين",
  "toolbar_change_contrast_select_low": "منخفض",
  "toolbar_change_contrast_select_high": "مرتفع",
  "toolbar_change_font_size": "حجم الخط",
  "toolbar_change_font_size_decrease": "تصغير",
  "toolbar_change_font_size_increase": "تكبير",
  "toolbar_change_font_size_reset": "إعادة تعيين",
  "toolbar_change_font_family": "نوع الخط",
  "toolbar_change_color": "تغيير اللون",
  "toolbar_clear_formating": "إزالة التنسيق",
  "toolbar_clear_to_default": "الإعدادات الافتراضية",
  "offcanvas_price_select_range": "السعر",
  "offcanvas_price_select_manually": "إدخال يدوي",
  "page_title_not_found": "الصفحة غير موجودة",
  "page_text_not_found": "لا يوجد محتوى لهذه الصفحة، ربما تكون حذفت أو نقلت لمكان آخر.",
  "page_tools_fullscreen": "ملء الشاشة",
  "page_tools_fullscreen_exit": "إغلاق ملء الشاشة",
  "mazeed_alt": "مزيد",
  "mazeed_text": "اعرض منتجاتك على تطبيق مزيد و زد مبيعاتك من خلال قناة بيع إضافية. بدون رسوم تأسيس، بتقدر توصل لملايين العملاء المهتمين بالشراء عبر الانترنت.",
  "mazeed_website": "الموقع التعريفي",
  "mazeed_download": "تحميل التطبيق",
  "account_delete_account": "حذف الحساب",
  "account_form_newsletter": "أرغب بتلقي الأخبار والعروض الخاصة",
  "account_form_save": "حفظ التغييرات",
  "account_profile_name": "الاسم الكامل",
  "account_profile_email": "البريد الإلكتروني",
  "account_profile_password": "كلمة المرور",
  "account_profile_phone": "رقم الهاتف",
  "account_modal_warning_title": "تنبيه",
  "account_modal_warning_list_title": "إرشادات و معلومات",
  "account_modal_warning_text": "سيتم حذف جميع البيانات المتعلقة بحسابك ولن يكون بإمكانك استعادتها مرة أخرى، كما سيتم إلغاء الاشتراك في النشرة الإخبارية.",
  "account_modal_warning_cancel": "تراجع",
  "account_modal_warning_delete": "حذف",
  "account_no_access_area": "ليس لديك صلاحية الوصول إلى هذه الصفحة.",
  "addresses_no_items": "لا توجد عناوين مسجلة.",
  "addresses_item_buttons_edit": "تعديل",
  "addresses_item_buttons_delete": "حذف",
  "addresses_deleted": "تم حذف العنوان بنجاح.",
  "orders_item_browse": "استعرض",
  "orders_no_items": "لا توجد طلبات حاليا، يمكنك البدء بالتسوق من المتجر.",
  "orders_search_no_results": "لم يتم العثور على طلبات مطابقة لما تبحث عنه.",
  "orders_search_placeholder": "البحث في الطلبات..",
  "cetegories_grid_index": "فهرس",
  "cetegories_grid_picture": "بطاقة",
  "category_no_products": "لا توجد منتجات في هذا التصنيف.",
  "products_search_text": "نتائج البحث عن",
  "products_heading": "جميع المنتجات",
  "products_list_page_label": "الصفحة",
  "products_list_filter_label": "ترتيب حسب",
  "products_search_placeholder": "البحث في الصفحة..",
  "products_search_no_results_in_page": "لم يتم العثور على منتجات مطابقة لما تبحث عنه، في الصفحة الحالية.",
  "products_list_filter_show_all": "عرض الكل",
  "products_list_filter_unavailable": "غير متوفر",
  "products_list_filter_has_sale_price": "لديه سعر خصم",
  "products_list_filter_has_options": "لديه خيارات",
  "products_list_filter_has_fields": "لديه حقول",
  "products_list_filter_is_infinite": "غير محدود",
  "products_list_filter_has_variants": "لديه متغيرات",
  "products_list_filter_low_stock_quantity": "الكمية محدودة",
  "products_list_filter_default_order": "الإفتراضي",
  "products_list_filter_oldest": "الأقدم",
  "products_list_filter_least_popular": "الأقل شعبية",
  "products_list_filter_latest": "الأحدث",
  "products_list_filter_popularity": "الأكثر شعبية",
  "products_list_filter_price_low": "الأقل سعرا",
  "products_list_filter_price_high": "الأعلى سعرا",
  "products_list_filter_price_label": "فلترة النتائج",
  "products_list_filter_filter_instant": "فلترة لحظية",
  "products_list_filter_search": "بحث فوري",
  "products_list_filter_edit": "تعديل الفلترة",
  "products_search_no_results": "لم يتم العثور على نتائج مطابقة لما تبحث عنه.",
  "product_card_item_browse": "استعرض المنتج",
  "product_card_item_add": "أضف إلى السلة",
  "product_share_label": "شارك المنتج",
  "product_fav_label": "المفضلة",
  "blogs_back": "جميع التدوينات",
  "blogs_heading": "المدونة",
  "blogs_total": "مجموع التدوينات",
  "blogs_no_items": "لا يوجد تدوينات, يرجى معاودة زيارة هذه الصفحة لاحقا.",
  "blogs_read_more": "اقرأ المزيد",
  "increase_quantity": "زيادة الكمية",
  "decrease_quantity": "تقليل الكمية",
  "shareLabel": "مشاركة",
  "shareWhatsapp": "واتساب",
  "shareTelegram": "تليجرام",
  "shareFacebook": "فيسبوك",
  "shareTwitter": "تويتر",
  "shareLinkedIn": "لينكدإن",
  "sharePinterest": "بين تيريست",
  "sharePrint": "طباعة",
  "shareMail": "البريد الإلكتروني",
  "shareQrCode": "رمز QR",
  "shareCopyClipboard": "نسخ الرابط",
  "categories_page_browse": "استعرض",
  "footer_apps_download": "تطبيقات المتجر",
  "footer_ios_app": "تطبيق أيفون",
  "footer_android_app": "تطبيق أندرويد",
  "follow_us": "تابعنا على",
  "showing": "يتم إظهار",
  "items": "منتجات",
  "items_from": "من",
  "item": "منتجا",
  "page": "الصفحة",
  "of": "/",
  "accessibility": {
    "navigation": {
      "label": "قائمة التنقل",
      "main": "القائمة الرئيسية",
      "paginate": "التنقل بين العناصر"
    },
    "close": {
      "label": "إغلاق"
    },
    "delete": {
      "label": "حذف"
    },
    "select": {
      "language": "ٍاختر اللغة",
      "country": "اختر الدولة",
      "default": "اختر من القائمة",
      "floating": "حقل اختيار منسدل",
      "city": "اختر المدينة",
      "currency": "اختر العملة"
    },
    "spinner": {
      "label": "...جاري التحميل"
    },
    "search": {
      "label": "البحث"
    },
    "dropdown": {
      "label": "قائمة منسدلة"
    },
    "email": {
      "label": "البريد الإلكتروني"
    },
    "group_buttons": {
      "label": "مجموعة أزرار"
    },
    "toolbar_buttons": {
      "label": "أزرار شريط الأدوات"
    },
    "input_search": {
      "label": "خانة بحث"
    },
    "button": {
      "label": "زر"
    },
    "radio_toggle": {
      "label": "مجموعة أزرار تبديل عمودية"
    },
    "radio_group": {
      "label": "مجموعة أزرار تبديل"
    }
  },
  "cookies": {
    "message": "بتصفحك لهذا المتجر، فأنت توافق على",
    "link": "سياسة الخصوصية",
    "accept": "موافق"
  },
  "navbar": {
    "account": {
      "login": "الحساب",
      "register": "عضو جديد؟ سجل الآن",
      "welcome": "أهلا بعودتك",
      "personal": "الملف الشخصي",
      "addresses": "العناوين",
      "orders": "الطلبات",
      "logout": "تسجيل خروج"
    },
    "mode": {
      "toggle": "تغيير الوضع",
      "light": "النهاري",
      "dark": "الليلي",
      "auto": "التلقائي"
    },
    "language_shipping": "اللغة والتوصيل",
    "cart": "سلة التسوق",
    "search": "البحث",
    "profile": "العضوية",
    "visited_pages": "شاهدتها حديثا",
    "search_placeholder": "البحث في المتجر"
  },
  "offcanvasCart": {
    "header": {
      "title": "سلة المشتريات"
    },
    "body": {
      "empty": "سلة المشتريات فارغة",
      "shop": "تسوق الآن"
    },
    "product": {
      "remove": "حذف"
    },
    "footer": {
      "shop": "العودة للتسوق",
      "checkout": "متابعة الشراء"
    }
  },
  "offcanvasCountries": {
    "header": {
      "title": "اللغة والتوصيل"
    },
    "body": {
      "language": "اختر اللغة",
      "country": "اختر الدولة",
      "city":"اختر المدينة",
      "currency": "اختر العملة"

    },
    "footer": {
      "save": "حفظ"
    }
  },
  "offcanvasFilter": {
    "header": {
      "title": "فلترة النتائج"
    },
    "body": {
      "discount": "إظهار المنتجات المخفضة فقط",
      "price": {
        "title": "السعر",
        "from": "من",
        "to": "إلى"
      }
    },
    "attributes": {
      "title": "الخصائص",
      "discount":"التخفيضات",
      "loadMore": "عرض المزيد",
      "search": "البحث في الخصائص"
    },
    "footer": {
      "clear": "إزالة الكل",
      "filter": "فلترة"
    }
  },
  "mainNavigation": {
    "home": "الرئيسية",
    "all_products": "جميع المنتجات",
    "all_categories": "جميع التصنيفات",
    "shipping_delivery": "خيارات الدفع والتوصيل"
  },
  "moduleSlider": {
    "know_more": "اعرف المزيد",
    "control": {
      "prev": "السابق",
      "next": "التالي"
    }
  },
  "footer": {
    "widget": {
      "about": "نبذة",
      "links": "روابط مفيدة",
      "follow": "تابعنا على",
      "info": "معلومات أخرى"
    },
    "content": {
      "follow": {
        "facebook": "فيسبوك",
        "instagram": "إنستغرام",
        "twitter": "تويتر",
        "snapchat": "سناب شات",
        "tiktok": "تك توك",
        "phone": "الهاتف",
        "email": "البريد الإلكتروني",
        "website": "الموقع الإلكتروني"
      },
      "info": {
        "vat": "الرقم الضريبي",
        "commercial": "السجل التجاري"
      }
    },
    "back": "إلى الأعلى",
    "maroof": "معروف",
    "vat": "الرقم الضريبي"
  },
  "locals.quantity": "الكمية",
  "no_products": "لا توجد منتجات في هذا التصنيف حالياً, يرجى إعادة الزيارة لاحقاً.",
  "back_to_categories": "العودة للتصانيف",
  "home_title": "الصفحة الرئيسية",
  "products": "المنتجات",
  "categories": "التصنيفات",
  "account": "حسابي",
  "login": "تسجيل دخول",
  "logout": "تسجيل خروج",
  "hello": "أهلا بك ",
  "product_is_not_taxable": "معفى من الضريبة",
  "product_has_options": "متوفر بعدة خيارات",
  "product_has_fields": "متوفر باضافات منتج",
  "products_title": "جميع المنتجات",
  "header_all_categories": "جميع التصنيفات",
  "header_delivery_and_payment_options": "خيارات الدفع والتوصيل",
  "customer_reviews": "آراء العملاء",
  "search_placeholder": "ابحث في المتجر",
  "store_language": "اللغة",
  "store_currency_country": "الدولة",
  "store_languageـcurrency_country": "اللغة و الدولة",
  "or": "او",
  "and": "و",
  "ok": "موافق",
  "sorry": "عفوا",
  "search": "إبحث",
  "close": "اغلاق",
  "welcome": "مرحباً",
  "city": "مدينة",
  "cities": "مدن",
  "save": "حفظ",
  "cancel": "إلغاء",
  "next": "التالي",
  "prev": "السابق",
  "edit": "تعديل",
  "back": "الرجوع",
  "language": "اللغة",
  "before": "منذ",
  "send": "إرسال",
  "clear": "مسح",
  "order": "طلب",
  "details": "التفاصيل",
  "each": "للواحد",
  "choose": "اختر",
  "products_search_result": "نتائج البحث عن",
  "products_more": "المزيد من المنتجات",
  "products_list_empty": "لا يوجد منتجات في هذا التصنيف",
  "products_page_show_sale_price": "عرض التخفيضات فقط",
  "products_list_sort": "ترتيب حسب",
  "products_list_filter": "تصفية النتائج",
  "products_list_filter_price": "السعر",
  "products_list_filter_price_from": "من",
  "products_list_filter_price_to": "إلى",
  "products_list_result": "تم ايجاد",
  "products_list_result_product": "منتج",
  "products_list_result_products": "منتجات",
  "empty_cart": "سلة التسوق فارغة",
  "cart_sidebar_title": "محتويات السلة",
  "cart_load_more": "إظهار المزيد",
  "product_placeholder_no_image": "لا يوجد صورة للمنتج",
  "product_description_heading": "وصف مختصر للمنتج",
  "product_description_more": "اعرف المزيد",
  "product_sku": "رمز المنتج",
  "product_share": "شارك المنتج",
  "product_slider": "تفاصيل المنتج",
  "product_description": "الوصف",
  "product_tags": "التصانيف",
  "product_shipping_options": "خيارات الدفع",
  "product_options": "الخيارات",
  "product_product_readmore": "المزيد",
  "add_to_cart": "أضف للسلة",
  "product_price": "السعر",
  "product_all_available_options": "جميع الخيارات المتاحة",
  "product_cart_quantity": "الكمية",
  "product_cart_quantity_low_stock": "متبقي %s فقط",
  "product_cart_quantity_low_stock_short": "متبقي %s",
  "product_people_prefix": "زائر",
  "product_people_views": "يفكر في شراء هذا المنتج",
  "product_offer_expire": "الوقت المتبقي لانتهاء هذا العرض",
  "product_discount": "وفر",
  "product_weight": "الوزن",
  "error_item_unavailable": "هذا الخيار غير متوفر",
  "variants_no_image": "لا يوجد صور",
  "product_images": "صور المنتج",
  "product_reviews_more": "سنعراض المزيد من التقيمات",
  "product_no_reviews": "لا توجد تقييمات, اترك تقييمك",
  "product_sold_more_than_x_times": {
    "one": "تم بيعه أكثر من مرة",
    "other": "تم بيعه أكثر من %s مرات"
  },
  "check_out_this_product": "اطَّلع على المنتج التالي",
  "similar_products_title": "قد يعجبك أيضاً",
  "product_reviews": "التقييمات",
  "product_reviews_x": {
    "one": "تقييم واحد",
    "other": "%s تقييمات"
  },
  "product_reviews_x_count": {
    "one": "تقييم",
    "other": "تقييمات"
  },
  "product_average_rating": "التقييم العام",
  "product_price_vat_inclusive": "السعر شامل ضريبة القيمة المضافة",
  "product_price_vat_exclusive": "السعر غير شامل ضريبة القيمة المضافة",
  "product_reviews_form_title": "اترك تقييمك",
  "product_reviews_is_anonymous_label": "فضلا، لا تظهر إسمي في قائمة التقييمات",
  "product_reviews_form_body_placeholder": "اكتب تعليقك هنا..",
  "product_reviews_form_send": "إرسال التقييم",
  "reviews_submit_success": "شكرًا لتقييمك، سيتم مراجعة التقييم ونشره على المتجر",
  "reviews_submit_failed": "عذراً٬ حصل خطأ.. الرجاء المحاولة مرة أخرى",
  "reviews_validate_comment_required": "الرجاء إضافة تعليق",
  "reviews_validate_comment_max": "تعليقك تخطى الحد المطلوب من عدد الأحرف",
  "reviews_validate_comment_min": "يجب أن يحتوي التعليق على 3 أحرف على الأقل",
  "reviews_validate_rating": "الرجاء ترك تقييم",
  "reviews_rating_1": "سيئ",
  "reviews_rating_2": "لم يعجبني",
  "reviews_rating_3": "جيد",
  "reviews_rating_4": "ممتاز",
  "reviews_rating_5": "رائع",
  "profile": {
    "title": "الملف الشخصي",
    "personal_info": "المعلومات الشخصية",
    "personal_info_description": "معلومات التواصل الخاصه بك",
    "addresses": "دليل العناوين",
    "addresses_description": "من خلال دليل العنواين يمكنك إضافة و تعديل عناوينك المفضلة",
    "orders": "الطلبات",
    "orders_description": "من خلال قائمة الطلبات يمكنك إستعراض الطلبات السابقة و الحالية"
  },
  "add_new_address": "إضافة عنوان جديد",
  "location_on_map": "الموقع على الخريطة",
  "navBar": {
    "allProducts": "جميع المنتجات"
  },
  "footer_vat_number": "الرقم الضريبي:",
  "footer_commercial_registration_number": "رقم السجل التجاري:",
  "title_404": "لم يتم أيجاد الصفحة",
  "order_id": "رقم الطلب",
  "order_status": "حالة الطلب",
  "order_date": "تاريخ الطلب",
  "order_total": "مجموع الطلب",
  "add_product_review": "اضف تقييمك",
  "leave_comment": " اترك تقييمك",
  "donot_leave_comment": "لا تظهر اسمى فى قائمة العملاء ",
  "write_your_comment": " اكتب تعليقك هنا",
  "send_evaluation": "ارسال تقييم",
  "remaining_text": "عدد الحروف المتبقية :250",
  "sent_successfully": "تم الإرسال بنجاح",
  "bundle_offer_all_products": "عرض جميع المنتجات",
  "lbl_error_product_not_exist": "هذا المنتج لم يعد متوفراً",
  "lbl_error_product_out_of_stock": "نفدت الكمية",
  "lbl_error_product_out_of_stock_description": "نبهني عندما يكون المنتج متاحا مرة أخرى",
  "lbl_error_product_quantity_exceed": "لا توجد كمية إضافية كافية من هذا المنتج",
  "notify_me_title": "نبهني عندما يكون المنتج متاح",
  "notify_me_hint": "أدخل البريد الإلكتروني",
  "notify_me_submit": "تفعيل الإشعار",
  "notify_me_submit_done": "تم تفعيل الإشعار",
  "notify_me_failed": "حدث خطأ! الرجاء اعادة الارسال.",
  "cart_view_title": "سلة المشتريات",
  "cart_products_title": "جميع المنتجات",
  "cart_break_down_summary": "تفاصيل الفاتورة",
  "cart_header_product": "المنتج",
  "cart_header_quantity": "الكمية",
  "cart_header_price": "السعر",
  "cart_list_empty": "سلة المشتريات فارغة",
  "cart_totals_title": "الوصف",
  "cart_totals_description": "القيمة",
  "cart_continue_to_purchase": "متابعة الشراء",
  "cart_back_to_store": "العودة للتسوق",
  "coupon_discount": "كوبون الخصم",
  "coupon_discount_enter": "أدخل كود الخصم",
  "coupon_discount_submit": "إرسال",
  "shipping_option": "خيارات التوصيل",
  "covered_cities": "المدن التى يتم تغطيتها",
  "shipping_charges": "تكلفة التوصيل",
  "payment_upon_receipt": "الدفع عند الاستلام",
  "package": "طرد",
  "riyadh": "الرياض",
  "inside_merchant_city": "داخل مدينة التاجر",
  "outside_merchant_city": "خارج مدينة التاجر",
  "list_of_shipping_options": "قائمة خيارات التوصيل المدعومة",
  "payment_options": "خيارات الدفع",
  "list_of_payment_options": "قائمة خيارات الدفع المدعومة",
  "bank_accounts": " الحسابات البنكية",
  "bank_accounts_regular_transfers": " الحسابات البنكية للحولات العادية",
  "shipping_payments_th_banks_account_owner": "اسم المحول له",
  "shipping_payments_th_banks_account_iban": "رقم الآيبان",
  "shipping_payments_th_banks_account_number": "رقم الحساب",
  "business_location": "العنوان التجاري",
  "business_location_map": "إنتقل إلى الخريطة",
  "business_location_building_no": "رقم المبنى",
  "business_location_postal_code": "الرمز البريدي",
  "business_location_additional_postal_code": "الرمز الإضافي",
  "social_media": "وسائل التواصل",
  "active_payment_session_notification": "يوجد لديك عملية دفع قائمة في صفحة أخرى للمتجر، لا يمكنك تعديل محتويات السلة",
  "active_payment_session_cancel": "إلغاء السلة و متابعة الشراء",
  "social_media_facebook": "فيسبوك",
  "social_media_twitter": "تويتر",
  "social_media_instagram": "انستقرام",
  "social_media_snapchat": "سناب شات",
  "social_media_tiktok": "تيك توك",
  "social_media_phone": "الهاتف",
  "social_media_email": "البريد الإلكتروني",
  "social_media_website": "الموقع",
  "footer_other_info_title": "معلومات اخرى",
  "to_top": "إلى الأعلى",
  "navbar_menu_title": "قائمة التصفح",
  "navbar_menu_cart": "سلة التسوق",
  "footer_no_apps": "لا توجد تطبيقات متاحة",
  "search_page_heading": "404",
  "search_page_title": "الصفحة غير موجودة",
  "search_page_description": "عذراً، لم يتم العثور على الصفحة التي تبحث عنها.",
  "search_page_back_to_home": "العودة للمتجر", 
  "categories_placeholder_image": "صورة",
  "pages_privacy_policy_acceptance": "بتصفحك لهذا المتجر، فأنت توافق على",
  "pages_privacy_policy_heading": "سياسة الخصوصية",
  "pages_privacy_policy_agree": "أوافق",
  "faqs_heading": "الأسئلة الشائعة",
  "faqs_subheading": "هل لديك أي أسئلة أخرى؟",
  "faqs_button": "تواصل معنا",
  "faqs_button_link": "https://www.google.com",
  "faqs_total_text": "مجموع الأسئلة",
  "categories_hero_heading": "جميع التصنيفات",
  "categories_hero_desc": "تصفح جميع التصانيف المتاحة في متجرنا",
  "category_placeholder_image": "صورة",
  "category_placeholder_desc": "تصفح محتويات ",
  "categories_no_results": "لا يوجد تصنانيف متاحة حالياً، فضلا قم بزيارة المتجر في وقت لاحق.",
  "sub_categories" : "التصنيفات الفرعية",
  "pages_privacy_policy_disagree": "لا أوافق",
  "pages_privacy_policy_accept": "قبول",
  "pages_privacy_policy_decline": "رفض",
  "pages_privacy_policy_acceptance_description": "قبول سياسة الخصوصية للمتجر",
  "pages_terms_conditions_heading": "الشروط والأحكام",
  "pages_about_us_heading": "من نحن",
  "pages_contact_us_heading": "اتصل بنا",
  "pages_faq_heading": "الأسئلة الشائعة",
  "pages_faq_title": "الأسئلة الشائعة",
  "pages_faq_description": "هنا يمكنك العثور على الأسئلة الشائعة التي تتعلق بالمتجر والمنتجات والخدمات المقدمة.",
  "pages_faq_question": "السؤال",
  "pages_faq_answer": "الإجابة",
  "pages_faq_no_questions": "لا توجد أسئلة متاحة",
  "pages_faq_add_question": "إضافة سؤال",
  "pages_faq_add_question_title": "إضافة سؤال جديد",
  "shipping_section_shipping": "خيارات التوصيل",
  "shipping_section_shipping_desc": "اختر وسيلة التوصيل المناسبة لك",
  "shipping_section_payment": "خيارات الدفع",
  "shipping_section_payment_desc": "نوفر لك خيارات دفع متعددة",
  "shipping_section_banks": "الحسابات البنكية",
  "shipping_section_banks_export": "تصدير البيانات",
  "shipping_section_banks_exporting": "جاري التصدير..",
  "shipping_section_banks_desc": "اختر الحساب البنكي المناسب لك",
  "product_review_comment_by": " من قبل",
  "coupon_applied_successfully": "تم تطبيق الكوبون بنجاح",
  "coupon_removed_successfully": "تم حذف الكوبون بنجاح"
}