{
  "store": {
    "language_currency": " Language & Currency",
    "language": "Language",
    "currency": "Currency",
    "country": "Country",
    "city": "City",
    "status": {
      "closed": "The Store is Closed"
    }
  },
  "allow_cookies": "This page uses Cookies and localStorage, it will not work properly in the Incognito/Private mode, please disable it to continue.",
  "noscript": "This website requires JavaScript to work properly, please enable it in your browser settings.",
  "upcoming": "Product Gallery is coming soon",
  "mobile": {
    "menu": {
      "title": {
        "heading": "Menu",
        "home": "Home",
        "categories": "Categories",
        "cart": "Cart",
        "profile": "Account",
        "wishlist": "Wishlist",
     
        "logout": "Logout",
        "login": "Login",
        "register": "New Customer? Register",
     
        "account":"Account",
        "addresses": "Addresses",
        "orders": "Orders"
      },
      "greeting": "Welcome Back",
      "greeting_user": "Welcome to our Store"
    }
  },
  "coupon_delete": "Delete Coupon",
  "coupon_message": "Sorry, this coupon is not valid",
  "system": {
    "locked": "This page is dedicated to the users, you are not allowed to access it, please login or register to continue"
  },
  "toast": {
    "message": {
      "title": "Notification"
    }
  },
  "notify": {
    "message": {
      "success": "The email has been saved successfully",
      "failed": "The email has not been saved, please try again later"
    }
  },
  "product_show_more": "Show All",
  "product_show_less": "Show Less",
  "product": {
    "message": {
      "success": "The product has been added to your cart successfully",
      "failed": "The product has not been added to your cart, please try again later",
      "already_in_cart": "The product is already in your cart"
    },
    "rating": {
      "star1": "1 Star",
      "star2": "2 Stars",
      "star3": "3 Stars",
      "star4": "4 Stars",
      "star5": "5 Stars"
    },
    "total_reviews": "Based on",
    "total_reviews_suffix": "reviews"

  },
  "reviews": {
    "remaining": "Remaining Characters",
    "modaltitle": "Please select your rating",
    "login": "Login",
    "login_to_add": "You must login or register to add a review.",
    "add": "Add a Review",
    "submit": "Submit Review",
    "all": "All Reviews",
    "message": {
      "success": "Your review has been added successfully, thank you for your feedback, it will be published after approval.",
      "failed": " Your review has not been added, please try again later.",
      "empty": "There is no reviews for this product yet, be the first to add one.",
      "anonymous": "Anonymous",
      "boughtyes": "He bought this product",
      "boughtno": "He did not buy this product",
      "verified": "Verified",
      "back": "Back to Product",
      "close": "Close"
    },
    "full_star": "Full Star",
    "half_star": "Half Star",
    "empty_star": "Empty Star"
  },
  "banks": {
    "id": "ID",
    "accountNumber": "Account Number",
    "iban": "IBAN",
    "beneficiaryName": "Beneficiary Name",
    "isVisible": "Visible",
    "notVisible": "Not Visible",
    "bank": "Bank"
  },
  "payment": {
    "id": "ID",
    "name": "Name",
    "enabled": "Enabled",
    "disabled": "Disabled",
    "code": "Code",
    "fees": "Fees",
    "type": "Type",
    "icons": "Icons"
  },
  "shipping": {
    "no_data": "No shipping methods available",
    "id": "ID",
    "name": "Name",
    "serviceEnabled": "Service Enabled",
    "serviceDisabled": "Service Disabled",
    "approved": "Approved",
    "notApproved": "Not Approved",
    "systemOption": "System Option",
    "notSystemOption": "Not System Option",
    "codEnabled": "COD",
    "codDisabled": "COD Disabled",
    "cities": "Cities",
    "cost": "Cost of Shipping",
    "cost_short": "Cost",
    "codFee": "COD Fee",
    "codFee_short": "COD",
    "image": "Image",
    "courierNames": "Courier Names",
    "remainingCities": "Other Cities",
    "remainingShipping": "Other Shipping Methods",
    "modal_info": "We are expanding our coverage to more cities, please reach out to us for further details.",
    "modal_search_placeholeer": "Search for a city..."
  },
  "account_delete_account_info": "Privacy Protection",
  "account_delete_account_info_text": "We promise to never spam you or sell your information to third parties, you can unsubscribe at any time, our privacy policy explains how we use your data.",
  "mode": {
    "toggle": "Toggle Mode",
    "light": "Light Mode",
    "dark": "Dark Mode",
    "auto": "Auto Mode"
  },
  "daytime": {
    "start": "Happy start of",
    "middle": "Enjoy your",
    "end": "Great end of"
  },
  "day_sunday": "Sunday",
  "day_monday": "Monday",
  "day_tuesday": "Tuesday",
  "day_wednesday": "Wednesday",
  "day_thursday": "Thursday",
  "day_friday": "Friday",
  "day_saturday": "Saturday",
  "day_other": "Day",
  "greeting_morning": "Good morning",
  "greeting_afternoon": "Good afternoon",
  "greeting_evening": "Good evening",
  "greeting_morning_text": "",
  "greeting_afternoon_text": "",
  "greeting_evening_text": "",
  "shipping_and_payment_tools_change_display": "Change Display",
  "shipping_and_payment_tools_expand": "Expand All",
  "shipping_and_payment_tools_collapse": "Collapse All",
  "toolbar_command": "Keyboard Shortcuts",
  "toolbar_commands": {
    "home": "Home Page",
    "search": "Search",
    "products": "Products",
    "categories": "Categories",
    "blog": "Blog",
    "language": "Change Language",
    "offcanvasCart": "Side Cart",
    "cart": "Cart",
    "login": "Login",
    "shipping": "Shipping & Delivery",
    "mode": "Mode (Light/Dark)"
  },
  "toolbar_change_layout": "Page Layout",
  "toolbar_change_contrast": "Contrast",
  "toolbar_change_contrast_toggle": "Toggle Contrast",
  "toolbar_change_contrast_background_color": "Background Color",
  "toolbar_change_contrast_color": "Color",
  "toolbar_change_contrast_select": "Select Contrast",
  "toolbar_change_contrast_select_low": "Low",
  "toolbar_change_contrast_select_high": "High",
  "toolbar_change_font_size": "Font Size",
  "toolbar_change_font_size_decrease": "Decrease",
  "toolbar_change_font_size_increase": "Increase",
  "toolbar_change_font_size_reset": "Reset",
  "toolbar_change_font_family": "Font Family",
  "toolbar_change_color": "Change Color",
  "toolbar_clear_formating": "Clear formatting",
  "toolbar_clear_to_default": "Default Settings",
  "offcanvas_price_select_range": "Price",
  "offcanvas_price_select_manually": "Enter Manually",
  "page_title_not_found": "Page Not Found",
  "page_text_not_found": "The page you are looking for might have been removed, had its name changed, or is temporarily unavailable.",
  "page_tools_fullscreen": "Full Screen",
  "page_tools_fullscreen_exit": "Exit Full Screen",
  "mazeed_alt": "Mazeed",
  "mazeed_text": "Mazeed is a multi-vendor e-commerce platform that allows you to create your own online store and sell your products to customers all over the world.",
  "mazeed_website": "Website URL",
  "mazeed_download": "Download Apps",
  "account_delete_account": "Delete My Account",
  "account_form_newsletter": "I want to receive news and offers",
  "account_form_save": "Save Changes",
  "account_profile_name": "Full Name",
  "account_profile_email": "Email Address",
  "account_profile_password": "Password",
  "account_profile_phone": "Phone Number",
  "account_modal_warning_title": "Alert",
  "account_modal_warning_list_title": "Guide and Information",
  "account_modal_warning_text": "Are you sure you want to delete your account? This action cannot be undone, and you will lose all your data.",
  "account_modal_warning_cancel": "Cancel",
  "account_modal_warning_delete": "Confirm",
  "account_no_access_area": "You are not allowed to access this area",
  "addresses_no_items": "No Addresses Found.",
  "addresses_item_buttons_edit": "Edit",
  "addresses_item_buttons_delete": "Delete",
  "addresses_deleted": "Address Deleted Successfully",
  "orders_item_browse": "Browse",
  "orders_no_items": "No Orders Found, You can browse our products and place an order.",
  "orders_search_no_results": "No Orders found for this search term",
  "orders_search_placeholder": "Search in Orders.. ",
  "cetegories_grid_index": "Index",
  "cetegories_grid_picture": "Card",
  "category_no_products": "No Products Found in this Category",
  "products_search_text": "Search results for",
  "products_heading": "All Products",
  "products_list_page_label": "Page",
  "products_list_filter_label": "Order By",
  "products_search_placeholder": "Search in Page.. ",
  "products_search_no_results_in_page": "No Products found that match your search term in this page.",
  "products_list_filter_show_all": "Show All",
  "products_list_filter_unavailable": "Unavailable",
  "products_list_filter_has_sale_price": "Sale",
  "products_list_filter_has_options": "With Options",
  "products_list_filter_has_fields": "WithvFields",
  "products_list_filter_is_infinite": "Infinite",
  "products_list_filter_has_variants": "With Variants",
  "products_list_filter_low_stock_quantity": "Low Stock",
  "products_list_filter_default_order": "Default",
  "products_list_filter_oldest": "Oldest",
  "products_list_filter_least_popular": "Least popular",
  "products_list_filter_latest": "Newest",
  "products_list_filter_popularity": "Most popular",
  "products_list_filter_price_low": "Low to high",
  "products_list_filter_price_high": "High to low",
  "products_list_filter_price_label": "Filter results",
  "products_list_filter_filter_instant": "Filter Instantly",
  "products_list_filter_search": "Instant Search",
  "products_list_filter_edit": "Edit Filters",
  "products_search_no_results": "No results match your search criteria.",
  "product_card_item_browse": "Browse",
  "product_card_item_add": "Add to Cart",
  "product_share_label": "Share the Product",
  "product_fav_label": "Favorite",
  "blogs_back": "All Posts",
  "blogs_heading": "Blog",
  "blogs_total": "Total Posts",
  "blogs_no_items": "No posts found, please visit this page later",
  "blogs_read_more": "Read More",
  "full_star": "Full star",
  "half_star": "Half star",
  "empty_star": "Empty star",
  "increase_quantity": "Increase Quantity",
  "decrease_quantity": "Decrease Quantity",
  "shareLabel": "Share",
  "shareWhatsapp": "Whatsapp",
  "shareTelegram": "Telegram",
  "shareFacebook": "Facebook",
  "shareTwitter": "Twitter",
  "shareLinkedIn": "LinkedIn",
  "sharePinterest": "Pinterest",
  "sharePrint": "Print",
  "shareMail": "Mail",
  "shareQrCode": "QR Code",
  "shareCopyClipboard": "Copy to clipboard",
  "categories_page_browse": "Browse",
  "footer_apps_download": "Our Apps",
  "footer_ios_app": "iOS App",
  "footer_android_app": "Android App",
  "follow_us": "Follow Us",
  "showing": "Showing",
  "items": "items",
  "items_from": "from",
  "item": "items",
  "page": "Page",
  "of": "/",
  "accessibility": {
    "navigation": {
      "label": "Navigation",
      "main": "Main Navigation",
      "paginate": "Pagination Navigation"
    },
    "close": {
      "label": "Close"
    },
    "delete": {
      "label": "Delete"
    },
    "select": {
      "language": "ٍSelect Language",
      "country": "ٍSelect Country",
      "default": "Select from Menu",
      "floating": "Floating Select",
      "city": "Select City",
      "currency": "Select Currency"
    },
    "spinner": {
      "label": "Loading..."
    },
    "search": {
      "label": "Search"
    },
    "dropdown": {
      "label": "Dropdown Toggle"
    },
    "email": {
      "label": "Email Address"
    },
    "group_buttons": {
      "label": "Group Buttons"
    },
    "toolbar_buttons": {
      "label": "Toolbar Buttons"
    },
    "input_search": {
      "label": "Search Input"
    },
    "button": {
      "label": "Button"
    },
    "radio_toggle": {
      "label": "Vertical radio toggle button group"
    },
    "radio_group": {
      "label": "Radio Group Buttons"
    }
  },
  "cookies": {
    "message": "By browsing this website, you accept the",
    "link": "Privacy Policy",
    "accept": "I Agree"
  },
  "navbar": {
    "account": {
      "login": "Account",
      "register": "New Customer? Register",
      "welcome": "Welcome back",
      "personal": "My Account",
      "addresses": "Addresses",
      "orders": "Orders",
      "logout": "Logout"
    },
    "mode": {
      "toggle": "Toggle Mode",
      "light": "Light Mode",
      "dark": "Dark Mode",
      "auto": "Auto Mode"
    },
    "language_shipping": "Language & Shipping",
    "cart": "Cart",
    "search": "Search",
    "profile": "Profile",
    "visited_pages": "Viewed Recently",
    "search_placeholder": "Search in Products"
  },
  "offcanvasCart": {
    "header": {
      "title": "Shopping Cart"
    },
    "body": {
      "empty": "The Cart is empty",
      "shop": "Shop Now"
    },
    "product": {
      "remove": "Remove"
    },
    "footer": {
      "shop": "Back to Shop",
      "checkout": "Checkout"
    }
  },
  "offcanvasCountries": {
    "header": {
      "title": "Language & Shipping"
    },
    "body": {
      "language": "Select Language",
      "country": "Select Country",
      "city":"Select City",
      "currency":"Select Currency"
    },
    "footer": {
      "save": "Save"
    }
  },
  "offcanvasFilter": {
    "header": {
      "title": "Filter Results"
    },
    "body": {
      "discount": "Show Discounted Products Only",
      "price": {
        "title": "Price",
        "from": "From",
        "to": "To"
      }
    },
    "attributes": {
      "title": "Attributes",
      "discount": "Discount",
      "loadMore": "Load More",
      "search": "Search Attribute"
    },
    "footer": {
      "clear": "Clear All",
      "filter": "Filter"
    }
  },
  "mainNavigation": {
    "home": "Home",
    "all_products": "All Products",
    "all_categories": "All Categories",
    "shipping_delivery": "Shipping & Delivery"
  },
  "moduleSlider": {
    "know_more": "Know More",
    "control": {
      "prev": "Previous",
      "next": "Next"
    }
  },
  "footer": {
    "widget": {
      "about": "About",
      "links": "Useful links",
      "follow": "Follow Us",
      "info": "Information"
    },
    "content": {
      "follow": {
        "facebook": "Facebook",
        "instagram": "Instagram",
        "twitter": "Twitter",
        "snapchat": "Snapchat",
        "tiktok": "TikTok",
        "phone": "Mobile",
        "email": "Email",
        "website": "Website URL"
      },
      "info": {
        "vat": "VAT Number",
        "commercial": "Commercial Register"
      }
    },
    "back": "Back to Top",
    "maroof": "Maroof",
    "vat": "VAT"
  },
  "locals.quantity": "Quantity",
  "no_products": "No products found yet in this category, please visit again later.",
  "back_to_categories": "Back to Categories",
  "home_title": "Home",
  "products": "Products",
  "categories": "Categories",
  "login": "Login",
  "account": "My Account",
  "logout": "Logout",
  "hello": "Hello",
  "product_is_not_taxable": "Tax free",
  "product_has_options": "Several Options",
  "product_has_fields": "Several Fields",
  "products_title": "All Products",
  "header_all_categories": "All Categories",
  "header_delivery_and_payment_options": "Payment & Delivery",
  "search_placeholder": "Search",
  "store_language": "Language",
  "store_currency_country": "Country",
  "store_languageـcurrency_country": "Language & Country",
  "customer_reviews": "Customer reviews ",
  "or": "Or",
  "and": "And",
  "ok": "Ok",
  "sorry": "Sorry",
  "search": "Search",
  "close": "Close",
  "welcome": "Welcome",
  "city": "City",
  "cities": "Cities",
  "save": "Save",
  "cancel": "Cancel",
  "next": "Next",
  "prev": "Prev",
  "edit": "Edit",
  "back": "Back",
  "language": "Language",
  "clear": "Clear",
  "before": "Before",
  "send": "Send",
  "order": "Order",
  "details": "Details",
  "each": "each",
  "choose": "choose",
  "products_search_result": "Search results for",
  "products_more": "More",
  "products_list_empty": "No products in this category",
  "products_page_show_sale_price": "Show discounted Only",
  "products_list_sort": "Sort by",
  "products_list_filter": "Filter",
  "products_list_filter_price": "Price",
  "products_list_filter_price_from": "From",
  "products_list_filter_price_to": "To",
  "products_list_result": "Total products",
  "products_list_result_product": "Product",
  "products_list_result_products": "Products",
  "empty_cart": "Cart is Empty",
  "cart_sidebar_title": "Cart Items",
  "cart_load_more": "Show More",
  "product_placeholder_no_image": "No Image Available",
  "product_description_heading": "Product Short Description",
  "product_description_more": "Know More",
  "product_sku": "SKU",
  "product_share": "Share Product",
  "product_slider": "Details",
  "product_description": "More",
  "product_tags": "Categories",
  "product_shipping_options": "Payment",
  "product_options": "Options",
  "product_product_readmore": "Product Rreadmore",
  "add_to_cart": "Add to Cart",
  "product_price": "Price",
  "product_all_available_options": "All options available",
  "product_cart_quantity": "Quantity",
  "product_cart_quantity_low_stock": "Remaining %s Only",
  "product_cart_quantity_low_stock_short": "Remaining %s",
  "product_people_prefix": "Visitors",
  "product_people_views": "Are thinking to buy this product",
  "product_offer_expire": "Remaining time to get this offer",
  "product_sold_more_than_x_times": {
    "one": "Sold more than 1 time",
    "other": "Sold more than %s times"
  },
  "check_out_this_product": "Check Out this Product",
  "similar_products_title": "You may also like",
  "product_reviews_form_title": "Leave a Review",
  "product_reviews_is_anonymous_label": "Please, keep my name anonymous",
  "product_reviews_form_body_placeholder": "Your review",
  "product_reviews_form_send": "Send",
  "reviews_submit_success": "Thank you for your review, the rating will be reviewed and posted on the store",
  "reviews_submit_failed": "Sorry, an error occurred.. Please try again",
  "reviews_validate_comment_required": "Please add a comment",
  "reviews_validate_comment_max": "Your comment exceeded the limit",
  "reviews_validate_comment_min": "Your comment must contain at least 3 characters.",
  "reviews_validate_rating": "Please leave your rating",
  "variants_no_image": "No images",
  "product_images": "Product images",
  "product_reviews_more": "More reviews",
  "product_no_reviews": "No reviews, add yours",
  "reviews_rating_1": "Bad",
  "reviews_rating_2": "Dislike",
  "reviews_rating_3": "Good",
  "reviews_rating_4": "Excellent",
  "reviews_rating_5": "Great",
  "product_price_vat_inclusive": "Price incl. VAT",
  "product_price_vat_exclusive": "Price Not incl. VAT",
  "product_weight": "Weight",
  "product_discount": "Discount",
  "error_item_unavailable": "Option not available",
  "product_reviews": "Reviews",
  "product_reviews_x": {
    "one": "1 Review",
    "other": "%s Reviews"
  },
  "product_reviews_x_count": {
    "one": "Review",
    "other": "Reviews"
  },
  "product_average_rating": "average rating",
  "profile": {
    "title": "Profile",
    "personal_info": "Personal Information",
    "personal_info_description": "Your contact information",
    "addresses": "Addresses",
    "addresses_description": "Through the address book, you can add and edit your favorite addresses",
    "orders": "Orders",
    "orders_description": "Through the list of orders, you can view previous and current orders"
  },
  "add_new_address": "Add new Address",
  "location_on_map": "location on map",
  "navBar": {
    "allProducts": "All Products "
  },
  "footer_vat_number": "The VAT number:",
  "footer_commercial_registration_number": "The commercial register number:",
  "title_404": "Page not found",
  "order_id": "Order ID",
  "order_status": "status",
  "order_date": "Created at",
  "order_total": "Total Order",
  "add_product_review": "Add Comment ",
  "leave_comment": "Leave Comment",
  "donot_leave_comment": " My name does not appear in the list of clients  ",
  "write_your_comment": "Write your comment here",
  "send_evaluation": "Send Evaluation",
  "remaining_text": "Number of characters left:250",
  "sent_successfully": "Send Successfully",
  "bundle_offer_all_products": "Display all products",
  "lbl_error_product_not_exist": "This product is no longer available",
  "lbl_error_product_out_of_stock": "Out of stock",
  "lbl_error_product_out_of_stock_description": "Notify me when product is available again",
  "lbl_error_product_quantity_exceed": "There is not enough additional quantity of this product",
  "notify_me_title": "Notify me when product is available",
  "notify_me_hint": "Enter your email",
  "notify_me_submit": "Submit",
  "notify_me_submit_done": "Sent successfully",
  "notify_me_failed": "Failed to send",
  "cart_view_title": "Cart",
  "cart_products_title": "Products",
  "cart_break_down_summary": "Total summary",
  "cart_header_product": "Product",
  "cart_header_quantity": "Quantity",
  "cart_header_price": "Price",
  "cart_totals_title": "name",
  "cart_totals_description": "value",
  "cart_continue_to_purchase": "Purchase",
  "cart_back_to_store": "Continue Shopping",
  "cart_list_empty": "Cart is empty",
  "coupon_discount": "Discount coupon",
  "coupon_discount_enter": "Enter discount coupon",
  "coupon_discount_submit": "Send",
  "shipping_option": "Shipping Option",
  "covered_cities": "Coverd Cities",
  "shipping_charges": "Shipping Charges ",
  "payment_upon_receipt": "Payment Upon Receopt",
  "package": "Package",
  "riyadh": "Riyadh",
  "inside_merchant_city": "Inside Merchant City",
  "outside_merchant_city": "Outside Merchant City",
  "list_of_shipping_options": "List of supported shipping options",
  "payment_options": "Payment Options",
  "list_of_payment_options": "List of supported payment options",
  "bank_accounts": "Bank Accounts",
  "bank_accounts_regular_transfers": " Bank accounts for regular transfers  ",
  "shipping_payments_th_banks_account_owner": "Name",
  "shipping_payments_th_banks_account_iban": "IBAN Number",
  "shipping_payments_th_banks_account_number": "account number",
  "business_location": "Business Location",
  "business_location_map": "Go to Map",
  "business_location_building_no": "Building Number",
  "business_location_postal_code": "Postal Code",
  "business_location_additional_postal_code": "Additional Code",
  "social_media": "Contact us",
  "active_payment_session_notification": "You have an active payment session in another browser, you can't edit the cart contents",
  "active_payment_session_cancel": "Discard cart & continue shopping",
  "social_media_facebook": "Facebook",
  "social_media_twitter": "Twitter",
  "social_media_instagram": "Instagram",
  "social_media_snapchat": "Snapchat",
  "social_media_tiktok": "Tiktok",
  "social_media_phone": "Phone",
  "social_media_email": "Email",
  "social_media_website": "Website",
  "footer_other_info_title": "Other info title",
  "to_top": "To top",
  "navbar_menu_title": "Menu",
  "navbar_menu_cart": "Shopping Cart",
  "footer_no_apps": "No apps available",
  "search_page_heading": "404",
  "search_page_title": "Page Not Found",
  "search_page_description": "The page you are looking for does not exist",
  "search_page_back_to_home": "Back to Store",
  "categories_placeholder_image": "Picture",
  "pages_privacy_policy_acceptance": "This website uses cookies to ensure you get the best experience on our website",
  "pages_privacy_policy_heading": "Privacy Policy",
  "pages_privacy_policy_agree": "I agree",
  "faqs_heading": "Frequently Asked Questions",
  "faqs_subheading": "Do you have any other questions? Please contact us.",
  "faqs_button": "Contact Us",
  "faqs_button_link": "https://www.google.com",
  "faqs_total_text": "Total Questions",
  "categories_hero_heading": "Categories",
  "categories_hero_desc": "Browse our categories",
  "category_placeholder_image": "Picture",
  "category_placeholder_desc": "Description",
  "categories_no_results": "No categories found, please visit this page later",
  "sub_categories": "Sub Categories",
  "pages_privacy_policy_disagree": "I disagree",
  "pages_privacy_policy_accept": "Accept",
  "pages_privacy_policy_decline": "Decline",
  "pages_privacy_policy_acceptance_description": "This website uses cookies to ensure you get the best experience on our website",
  "pages_terms_conditions_heading": "Terms & Conditions",
  "pages_about_us_heading": "About Us",
  "pages_contact_us_heading": "Contact Us",
  "pages_faq_heading": "FAQ",
  "pages_faq_title": "Frequently Asked Questions",
  "pages_faq_description": "Here you can find the most frequently asked questions",
  "pages_faq_question": "Question",
  "pages_faq_answer": "Answer",
  "pages_faq_no_questions": "No questions found",
  "pages_faq_add_question": "Add Question",
  "pages_faq_add_question_title": "Add Question",
  "shipping_section_shipping": "Shipping Options",
  "shipping_section_shipping_desc": "We offer the following shipping methods",
  "shipping_section_payment": "Payment Options",
  "shipping_section_payment_desc": "We accept the following forms of payment",
  "shipping_section_banks": "Bank Accounts",
  "shipping_section_banks_export": "Export Data",
  "shipping_section_banks_exporting": "Exporting..",
  "shipping_section_banks_desc": "We offer bank transfers for regular payments",
  "product_review_comment_by": "By",
  "coupon_applied_successfully": "Coupon applied successfully",
  "coupon_removed_successfully": "Coupon removed successfully"
}